,City,Cloudiness,Country,Date,Humidity,Lat,Lng,Max_Temp,Wind_Speed
0,Okha,37,RU,1579548416,96,53.57,142.95,-6.93,9.4
1,Hobart,75,AU,1579548416,71,-42.88,147.33,57.2,10.29
2,Bredasdorp,99,ZA,1579548375,88,-34.53,20.04,64.99,16.11
3,Henties Bay,0,NA,1579548417,86,-22.12,14.28,66.99,7.0
4,Mataura,94,NZ,1579548417,96,-46.19,168.86,57.0,1.99
5,George Town,20,MY,1579548273,78,5.41,100.34,84.2,4.7
6,Tura,0,IN,1579548417,60,25.52,90.22,55.69,1.63
7,Rikitea,81,PF,1579548417,79,-23.12,-134.97,77.47,11.5
8,Esperance,8,AU,1579548417,72,-33.87,121.9,60.8,8.05
9,Ouesso,79,CG,1579548417,41,1.61,16.05,83.84,1.99
10,Ribeira Grande,40,PT,1579548417,87,38.52,-28.7,60.8,28.86
11,Busselton,21,AU,1579548417,52,-33.65,115.33,62.01,10.29
12,Saint Anthony,1,US,1579548417,66,45.02,-93.22,19.4,2.59
13,Butaritari,100,KI,1579548417,69,3.07,172.79,84.52,5.99
14,Bairiki Village,75,KI,1579548417,88,1.33,172.98,80.6,1.12
15,Punta Arenas,90,CL,1579548418,58,-53.15,-70.92,59.0,11.41
16,Albany,1,US,1579548373,41,42.6,-73.97,25.0,12.75
17,Kavieng,45,PG,1579548418,79,-2.57,150.8,83.16,13.71
18,Verkhnyaya Inta,69,RU,1579548418,97,65.98,60.31,-3.51,7.45
19,Ahipara,11,NZ,1579548418,100,-35.17,173.17,64.0,1.01
20,Carnarvon,0,AU,1579548418,83,-24.87,113.63,73.4,20.8
21,Bluff,77,NZ,1579548418,96,-46.6,168.33,57.0,1.99
22,Yaan,0,NG,1579548418,20,7.38,8.57,88.43,4.21
23,Tuatapere,95,NZ,1579548418,96,-46.13,167.68,57.0,1.99
24,Kjollefjord,75,NO,1579548419,80,70.95,27.35,35.6,19.46
25,Conneaut,90,US,1579548419,62,41.95,-80.55,26.01,9.17
26,Coquimbo,20,CL,1579548419,72,-29.95,-71.34,68.0,14.99
27,Yelatma,99,RU,1579548419,97,54.97,41.75,32.58,9.48
28,Vaini,20,TO,1579548419,69,-21.2,-175.2,78.8,11.41
29,Tuktoyaktuk,20,CA,1579548419,74,69.45,-133.04,-23.8,6.93
30,Grand Forks,1,US,1579548252,84,47.93,-97.03,1.0,11.41
31,Jamestown,1,US,1579548392,53,42.1,-79.24,24.8,10.29
32,Plainview,1,US,1579548337,26,40.78,-73.47,33.01,16.11
33,Abaujszanto,75,HU,1579548419,80,48.28,21.2,34.0,4.7
34,Odienne,37,CI,1579548419,16,9.51,-7.57,89.56,3.96
35,Kapaa,90,US,1579548420,78,22.08,-159.32,73.4,13.87
36,Hasaki,20,JP,1579548420,60,35.73,140.83,35.6,4.7
37,Klaksvik,68,FO,1579548420,70,62.23,-6.59,42.8,23.04
38,Buala,9,SB,1579548420,79,-8.14,159.59,79.36,6.08
39,Faanui,100,PF,1579548420,76,-16.48,-151.75,81.07,10.4
40,Thompson,75,CA,1579548420,71,55.74,-97.86,8.6,12.75
41,Lithakia,20,GR,1579548421,75,37.72,20.83,50.0,6.93
42,Aleksandrov Gay,100,RU,1579548421,93,50.15,48.57,26.37,11.52
43,Mahon,75,ES,1579548421,87,39.89,4.27,55.4,21.92
44,Luderitz,2,NA,1579548421,77,-26.65,15.16,68.0,8.05
45,Santa Maria,20,BR,1579548343,63,-29.68,-53.81,91.4,5.82
46,Hermanus,18,ZA,1579548422,89,-34.42,19.23,70.0,10.0
47,Ushuaia,40,AR,1579548422,62,-54.8,-68.3,55.4,19.46
48,Salinopolis,55,BR,1579548422,78,-0.61,-47.36,82.04,17.83
49,Fairbanks,1,US,1579548164,74,64.84,-147.72,-9.99,2.98
50,Adrar,0,MR,1579548422,16,20.5,-10.07,67.08,2.82
51,Mukhen,89,RU,1579548423,94,48.1,136.1,-3.26,4.92
52,Svebolle,47,DK,1579548423,100,55.65,11.29,44.01,9.17
53,Marigot,40,MF,1579548423,69,18.07,-63.08,82.4,11.41
54,Big Rapids,90,US,1579548423,58,43.7,-85.48,27.0,9.17
55,Cherskiy,100,RU,1579548424,98,68.75,161.3,-23.82,5.5
56,Andros Town,75,BS,1579548424,57,24.7,-77.77,80.6,8.05
57,Laguna,20,US,1579548424,93,38.42,-121.42,57.0,5.82
58,Coahuayana Viejo,20,MX,1579548424,42,18.73,-103.68,86.0,11.41
59,Mandalgovi,20,MN,1579548424,77,45.76,106.27,8.33,9.8
60,Ilembula,75,TZ,1579548424,93,-8.9,34.58,64.09,1.63
61,Grand Gaube,40,MU,1579548425,83,-20.01,57.66,81.0,3.36
62,Yarada,40,IN,1579548425,88,17.65,83.27,75.2,2.24
63,Gondanglegi,100,ID,1579548425,85,-7.75,112.01,75.02,1.48
64,Pospelikha,96,RU,1579548425,93,51.95,81.77,-2.56,3.2
65,Ambilobe,100,MG,1579548425,88,-13.2,49.05,79.57,7.7
66,Puerto Ayora,40,EC,1579548425,74,-0.74,-90.35,82.4,10.29
67,Rast,0,RO,1579548425,86,43.88,23.28,33.01,8.05
68,Pangnirtung,20,CA,1579548425,51,66.15,-65.71,-13.0,7.47
69,Alta Floresta,40,BR,1579548426,78,-9.88,-56.09,82.4,3.36
70,Hithadhoo,88,MV,1579548426,77,-0.6,73.08,84.04,12.1
71,Cape Town,20,ZA,1579548283,68,-33.93,18.42,72.0,10.29
72,Cabedelo,40,BR,1579548426,51,-6.98,-34.83,86.0,16.11
73,Lompoc,90,US,1579548398,71,34.64,-120.46,62.01,4.7
74,Provideniya,40,RU,1579548426,78,64.38,-173.3,8.6,6.71
75,Storforshei,75,NO,1579548426,81,66.4,14.52,42.8,21.92
76,Tuy Hoa,98,VN,1579548426,79,13.08,109.3,76.06,14.47
77,Port Elizabeth,97,ZA,1579548426,77,-33.92,25.57,68.0,16.11
78,Ixtapa,5,MX,1579548394,78,20.7,-105.2,81.0,6.93
79,Yonibana,79,SL,1579548426,28,8.44,-12.24,91.09,1.14
80,Atuona,66,PF,1579548426,73,-9.8,-139.03,80.24,11.83
81,Torbay,90,CA,1579548427,92,47.67,-52.73,30.99,5.82
82,Tobane,90,BW,1579548427,88,-21.95,27.9,71.6,10.29
83,Yellowknife,40,CA,1579548427,83,62.46,-114.35,-14.01,3.36
84,Te Anau,90,NZ,1579548427,93,-45.42,167.72,54.81,1.03
85,Fort Nelson,90,CA,1579548427,76,58.81,-122.7,-9.4,2.24
86,Pagudpud,20,PH,1579548427,94,18.56,120.79,68.0,5.06
87,Barrancas,75,CO,1579548427,69,10.96,-72.79,82.4,17.22
88,Griffith,90,US,1579548427,85,41.53,-87.42,30.99,4.81
89,Ostrovnoy,100,RU,1579548427,89,68.05,39.51,19.51,24.72
90,Asau,75,RO,1579548427,90,46.43,26.4,32.0,12.75
91,San Francisco,90,US,1579548237,76,37.77,-122.42,54.0,4.7
92,Nikolskoye,90,RU,1579548428,86,59.7,30.79,37.99,8.95
93,Forio,75,IT,1579548428,49,40.73,13.86,52.0,18.34
94,Lebu,0,CL,1579548428,40,-37.62,-73.65,72.09,10.0
95,Batonyterenye,0,HU,1579548428,94,47.97,19.84,30.99,2.08
96,Kavaratti,85,IN,1579548428,74,10.57,72.64,82.31,6.91
97,Port Alfred,94,ZA,1579548360,88,-33.59,26.89,63.0,5.99
98,Angra dos Reis,75,BR,1579548428,61,-23.01,-44.32,80.6,11.41
99,Kodiak,1,US,1579548428,72,57.79,-152.41,14.0,8.05
100,Vikulovo,13,RU,1579548428,94,56.82,70.61,-5.17,5.17
101,Bubaque,87,GW,1579548428,60,11.28,-15.83,77.72,9.66
102,Norman Wells,20,CA,1579548429,75,65.28,-126.83,-16.6,3.36
103,Faya,5,SA,1579548429,93,18.39,42.45,55.4,5.82
104,Castro,36,BR,1579548244,43,-24.79,-50.01,82.38,4.83
105,Saskylakh,26,RU,1579548429,90,71.92,114.08,-31.83,5.53
106,Kawalu,100,ID,1579548429,90,-7.38,108.21,71.62,1.07
107,Tailai,0,CN,1579548429,75,46.38,123.4,-0.45,7.81
108,Ouahigouya,17,BF,1579548429,16,13.58,-2.42,75.07,2.06
109,Okhotsk,0,RU,1579548429,68,59.38,143.3,-20.27,7.58
110,Aberdeen,17,GB,1579548306,86,57.14,-2.1,48.0,10.29
111,Esik,90,KZ,1579548429,100,43.36,77.45,17.6,2.24
112,Chicama,20,PE,1579548430,73,-7.84,-79.15,75.2,11.41
113,Karratha,2,AU,1579548430,79,-20.74,116.85,84.34,8.95
114,Bundaberg,100,AU,1579548430,83,-24.85,152.35,81.0,8.05
115,Upington,0,ZA,1579548430,20,-28.45,21.26,86.0,8.05
116,Urucui,93,BR,1579548430,70,-7.23,-44.56,84.4,5.17
117,Manokwari,49,ID,1579548412,67,-0.87,134.08,73.18,5.91
118,Honolulu,75,US,1579548183,78,21.31,-157.86,75.2,10.29
119,Tolaga Bay,99,NZ,1579548430,81,-38.37,178.3,63.41,11.86
120,Cidreira,19,BR,1579548430,83,-30.18,-50.21,76.6,20.6
121,Port Lincoln,17,AU,1579548430,76,-34.73,135.87,59.05,5.41
122,Mar del Plata,40,AR,1579548431,78,-38.0,-57.56,71.6,18.34
123,Arraial do Cabo,75,BR,1579548431,69,-22.97,-42.03,80.6,13.87
124,Sterling,1,US,1579548138,36,39.01,-77.43,35.6,14.99
125,Souillac,40,MU,1579548431,83,-20.52,57.52,81.0,3.36
126,Panukulan,11,PH,1579548431,81,14.93,121.81,74.88,13.35
127,Novoagansk,72,RU,1579548431,90,61.94,76.66,-3.59,14.41
128,Arona,75,ES,1579548431,59,28.1,-16.68,64.99,14.99
129,Mitu,21,CO,1579548431,53,1.2,-70.17,88.39,5.57
130,Saint-Augustin,0,CA,1579548432,71,51.23,-58.65,8.58,10.92
131,New Norfolk,75,AU,1579548432,71,-42.78,147.06,57.2,10.29
132,Boddam,7,GB,1579548432,86,57.47,-1.78,48.0,10.29
133,Bara,0,NG,1579548432,24,10.37,10.73,78.8,7.38
134,Chui,0,UY,1579548432,45,-33.7,-53.46,87.85,5.75
135,Yangi Marg`ilon,99,UZ,1579548432,74,40.43,71.72,30.2,4.7
136,Nome,90,US,1579548432,92,64.5,-165.41,12.2,16.11
137,Dolni Benesov,90,CZ,1579548432,86,49.92,18.11,36.0,2.24
138,Mocuba,100,MZ,1579548432,93,-16.84,36.99,74.84,3.71
139,Atar,0,MR,1579548432,10,20.52,-13.05,78.03,9.89
140,Risor,1,NO,1579548433,92,58.72,9.23,45.0,5.99
141,Houston,1,US,1579547831,22,29.76,-95.36,60.8,8.05
142,Mgandu,100,TZ,1579548433,95,-5.95,34.13,65.43,2.98
143,Zalalovo,50,HU,1579548433,92,46.85,16.59,36.0,3.36
144,Saint-Philippe,90,RE,1579548433,83,-21.36,55.77,80.6,2.24
145,Szczytno,40,PL,1579548433,85,53.56,20.99,33.8,11.41
146,Erzin,75,TR,1579548433,100,36.96,36.2,45.0,1.12
147,Karabulak,75,RU,1579548433,83,43.3,44.9,32.0,2.68
148,Kaitangata,100,NZ,1579548433,91,-46.28,169.85,54.84,8.01
149,Flinders,0,AU,1579548433,59,-34.58,150.86,66.99,13.87
150,Dunedin,100,NZ,1579548434,89,-45.87,170.5,59.0,3.0
151,Hilo,75,US,1579548265,60,19.73,-155.09,73.4,4.7
152,Ardesen,90,TR,1579548434,87,41.19,40.99,44.6,6.93
153,Barrow,90,US,1579548395,77,71.29,-156.79,-0.4,4.7
154,Vestmannaeyjar,100,IS,1579548434,67,63.44,-20.27,37.47,34.94
155,Jizan,15,SA,1579548434,69,17.33,42.67,80.6,14.99
156,Poum,2,NC,1579548434,78,-20.23,164.02,77.85,16.17
157,Byron Bay,84,AU,1579548144,94,-28.65,153.62,79.0,3.36
158,Lavrentiya,100,RU,1579548434,95,65.58,-171.0,5.81,7.07
159,Matagami,90,CA,1579548434,71,49.75,-77.63,5.0,11.41
160,Geraldton,90,AU,1579548434,73,-28.77,114.6,69.8,21.92
161,Falam,0,MM,1579548435,96,22.92,93.68,45.46,1.59
162,Los Llanos de Aridane,75,ES,1579548435,63,28.66,-17.92,64.4,17.22
163,Verkhnevilyuysk,36,RU,1579548435,95,63.45,120.32,-15.43,4.72
164,Totma,100,RU,1579548435,92,59.97,42.76,28.63,6.29
165,Trinidad,75,BO,1579548435,88,-14.83,-64.9,78.8,6.93
166,Qaanaaq,88,GL,1579548435,76,77.48,-69.36,-12.95,8.19
167,Tasiilaq,0,GL,1579548435,47,65.61,-37.64,14.0,17.22
168,Kamaishi,32,JP,1579548435,72,39.27,141.88,31.93,5.61
169,Nelson Bay,0,AU,1579548435,88,-32.72,152.15,71.01,4.7
170,Sorong,58,ID,1579548435,89,-0.88,131.25,74.01,3.94
171,Hamilton,75,US,1579548435,54,39.18,-84.53,28.4,3.36
172,Aasiaat,100,GL,1579548436,66,68.71,-52.87,7.93,16.64
173,Itanhandu,75,BR,1579548436,57,-22.3,-44.93,78.8,4.7
174,Toguchin,0,RU,1579548436,92,55.24,84.39,-13.4,8.99
175,Kumul,91,CN,1579548436,86,42.8,93.45,11.17,2.24
176,Saint George,1,US,1579548436,39,37.1,-113.58,52.0,4.7
177,Egvekinot,1,RU,1579548436,92,66.32,-179.17,-17.21,6.44
178,Mehamn,75,NO,1579548436,80,71.04,27.85,35.6,19.46
179,Sorland,75,NO,1579548436,80,67.67,12.69,41.0,12.75
180,Ponta Delgada,40,PT,1579548437,67,37.73,-25.67,59.0,14.99
181,Sawtell,90,AU,1579548437,78,-30.38,153.1,73.4,6.93
182,Avarua,100,CK,1579548437,88,-21.21,-159.78,80.6,12.75
183,Shimoda,0,JP,1579548437,72,34.67,138.95,39.99,1.01
184,Chifeng,16,CN,1579548437,58,42.27,118.96,11.66,8.01
185,Alofi,75,NU,1579548437,74,-19.06,-169.92,80.6,8.05
186,Kieta,69,PG,1579548437,74,-6.22,155.63,80.22,6.2
187,Paka,18,MY,1579548437,83,4.64,103.44,80.6,6.93
188,Boras,90,SE,1579548437,93,57.72,12.94,43.0,16.11
189,Progreso,90,MX,1579548437,78,21.28,-89.67,77.0,9.17
190,Novska,75,HR,1579548438,90,45.34,16.98,32.0,2.24
191,Paamiut,100,GL,1579548438,87,61.99,-49.67,22.44,24.05
192,Chokurdakh,100,RU,1579548438,97,70.63,147.92,-16.01,8.16
193,Huarmey,99,PE,1579548438,52,-10.07,-78.15,82.38,9.95
194,Mahebourg,40,MU,1579548438,83,-20.41,57.7,81.0,3.36
195,Yeniseysk,100,RU,1579548438,91,58.45,92.17,-3.73,8.39
196,Zhigalovo,67,RU,1579548438,98,54.81,105.16,-15.68,3.47
197,Mountmellick,75,IE,1579548438,86,53.11,-7.32,41.0,10.29
198,Lodwar,0,KE,1579548438,24,3.12,35.6,90.1,6.22
199,Kumbhraj,100,IN,1579548439,48,24.37,77.05,58.41,6.67
200,Kysyl-Syr,62,RU,1579548439,99,63.9,122.76,-22.43,5.46
201,Ciudad Lazaro Cardenas,0,MX,1579548439,44,17.96,-102.2,89.04,8.3
202,Saint-Louis,17,SN,1579548439,18,16.33,-15.0,87.8,2.24
203,Hvide Sande,8,DK,1579548439,87,56.0,8.13,46.0,12.75
204,Portland,90,US,1579548300,65,45.52,-122.68,48.0,10.29
205,Guatire,50,VE,1579548439,55,10.48,-66.54,80.01,5.01
206,Nhulunbuy,96,AU,1579548439,78,-12.23,136.77,80.6,5.82
207,Price,90,US,1579548440,68,39.6,-110.81,32.0,4.36
208,Opelika,1,US,1579548293,44,32.65,-85.38,44.6,8.05
209,Pangai,40,TO,1579548440,69,-19.8,-174.35,80.6,4.7
210,Killybegs,90,IE,1579548440,87,54.63,-8.45,48.2,18.34
211,Bryant,1,US,1579548426,35,34.6,-92.49,41.0,5.82
212,Krasnaya Polyana,99,RU,1579548440,97,56.24,51.14,27.05,4.38
213,Ponta do Sol,40,PT,1579548440,54,32.67,-17.1,59.0,13.87
214,Mokhsogollokh,27,RU,1579548440,95,61.47,128.92,-24.88,1.59
215,Khatanga,0,RU,1579548440,99,71.97,102.5,-32.71,3.27
216,Gibara,75,CU,1579548440,46,21.11,-76.13,89.6,3.36
217,Nautla,100,MX,1579548440,98,20.22,-96.78,58.19,4.41
218,Yukhnov,100,RU,1579548441,87,54.74,35.23,31.55,11.56
219,Tutoia,75,BR,1579548441,70,-2.76,-42.27,86.0,11.41
220,Eureka,1,US,1579548325,58,40.8,-124.16,57.0,3.09
221,Maniitsoq,100,GL,1579548441,74,65.42,-52.9,18.1,17.6
222,Sarkand,100,KZ,1579548441,96,45.41,79.92,23.47,3.71
223,Rocha,0,UY,1579548441,35,-34.48,-54.33,92.32,10.51
224,Sao Filipe,0,CV,1579548441,71,14.9,-24.5,72.54,12.35
225,Yeppoon,100,AU,1579548441,74,-23.13,150.73,82.4,5.82
226,Havre-Saint-Pierre,20,CA,1579548441,46,50.23,-63.6,8.6,6.93
227,Ilulissat,75,GL,1579548441,55,69.22,-51.1,8.6,29.97
228,Mount Gambier,75,AU,1579548442,93,-37.83,140.77,46.4,5.82
229,Porto-Novo,20,BJ,1579548442,66,6.5,2.6,84.2,8.05
230,Hailar,24,CN,1579548442,89,49.2,119.7,-11.25,8.08
231,Fortuna,1,US,1579548442,58,40.6,-124.16,57.0,4.12
232,Goderich,7,CA,1579548442,82,43.75,-81.72,28.0,8.01
233,Kiama,0,AU,1579548442,59,-34.68,150.87,66.99,13.87
234,Labuhan,99,ID,1579548442,89,-6.88,112.21,75.99,4.92
235,Braganca,70,BR,1579548442,91,-1.05,-46.77,79.97,6.6
236,Payo,100,ID,1579548442,99,-3.75,103.64,69.37,2.55
237,San Cristobal,40,VE,1579548442,49,7.77,-72.22,89.6,5.82
238,Clyde River,75,CA,1579548443,75,70.47,-68.59,-18.4,14.99
239,Port Moresby,53,PG,1579548443,79,-9.44,147.18,81.09,6.78
240,Puri,40,IN,1579548443,93,19.8,85.85,66.2,1.7
241,Gravdal,75,NO,1579548443,80,68.12,13.5,39.2,12.75
242,Shelburne,20,CA,1579548443,41,44.08,-80.2,23.0,9.17
243,Nsanje,100,MW,1579548443,98,-16.92,35.26,73.94,11.81
244,Tyret' Pervaya,98,RU,1579548443,86,53.67,102.31,-3.15,5.12
245,Tual,73,ID,1579548443,79,-5.67,132.75,83.52,17.63
246,Valdivia,34,CL,1579548443,47,-39.81,-73.25,78.8,6.93
247,Abu Kamal,31,SY,1579548443,70,34.45,40.92,53.02,7.74
248,Kosh-Agach,81,RU,1579548444,91,50.0,88.67,-14.03,0.47
249,Ati,0,TD,1579548444,16,13.22,18.34,77.65,10.22
250,Bonthe,70,SL,1579548444,70,7.53,-12.51,82.69,11.43
251,Laas,5,IT,1579548444,67,46.62,10.7,32.0,2.24
252,Guerrero Negro,23,MX,1579548447,33,27.98,-114.06,68.11,6.51
253,Kargopol,100,RU,1579548447,87,61.51,38.95,30.25,8.46
254,Darhan,99,MN,1579548447,97,49.49,105.92,-1.32,3.71
255,Palm Beach,75,US,1579548447,53,26.71,-80.04,75.99,12.75
256,Owando,79,CG,1579548447,60,-0.48,15.9,81.43,1.79
257,Dikson,21,RU,1579548447,96,73.51,80.55,-26.91,13.89
258,Fare,94,PF,1579548184,76,-16.7,-151.02,81.32,10.78
259,Barinas,64,VE,1579548448,49,8.62,-70.21,89.08,7.47
260,Shihezi,100,CN,1579548448,89,44.3,86.03,11.75,3.0
261,Bereda,40,ES,1579548448,61,43.27,-7.54,51.01,13.87
262,Avera,1,US,1579548448,38,33.19,-82.53,46.4,9.17
263,Bengkulu,100,ID,1579548448,91,-3.8,102.27,74.82,3.56
264,Bambous Virieux,40,MU,1579548448,83,-20.34,57.76,81.0,3.36
265,Bethel,1,US,1579548225,30,41.37,-73.41,32.0,14.99
266,Beringovskiy,68,RU,1579548448,99,63.05,179.32,-6.54,13.82
267,Sorokino,52,RU,1579548449,97,53.75,84.92,-14.08,4.99
268,Upernavik,90,GL,1579548449,62,72.79,-56.15,-6.2,7.49
269,Sur,0,OM,1579548449,67,22.57,59.53,67.91,7.83
270,Sao Goncalo dos Campos,0,BR,1579548449,38,-12.43,-38.97,92.5,12.26
271,Narsaq,75,GL,1579548449,53,60.92,-46.05,23.0,12.75
272,Tevaitoa,100,PF,1579548449,76,-16.78,-151.5,80.98,11.97
273,Longyearbyen,40,SJ,1579548449,67,78.22,15.64,21.2,29.97
274,Port Augusta,4,AU,1579548449,82,-32.5,137.77,60.8,5.82
275,Dingle,19,PH,1579548449,88,11.0,122.67,70.07,10.85
276,Neiafu,20,TO,1579548450,88,-18.65,-173.98,73.4,8.48
277,Algiers,75,DZ,1579548450,93,36.75,3.04,51.8,4.7
278,Jimma,6,ET,1579548450,56,7.67,36.83,63.5,1.86
279,Jalu,0,LY,1579548450,51,29.03,21.55,57.99,9.06
280,Lieksa,100,FI,1579548450,90,63.32,30.02,36.64,11.83
281,Dicabisagan,100,PH,1579548450,82,17.08,122.42,73.49,7.11
282,Rundu,42,NA,1579548450,51,-17.93,19.77,84.2,3.36
283,Isangel,20,VU,1579548450,94,-19.55,169.27,71.6,11.01
284,Muros,20,ES,1579548450,60,42.78,-9.06,48.99,13.87
285,Meulaboh,100,ID,1579548450,80,4.14,96.13,82.26,8.75
286,Cayenne,90,GF,1579548450,74,4.93,-52.33,82.4,12.75
287,San Patricio,5,MX,1579548451,74,19.22,-104.7,84.2,5.82
288,Moundsville,90,US,1579548183,73,39.92,-80.74,28.0,9.17
289,Devonport,62,AU,1579548451,78,-41.17,146.35,57.99,1.99
290,East London,75,ZA,1579548177,88,-33.02,27.91,64.4,8.05
291,Verkhoyansk,96,RU,1579548451,99,67.54,133.38,-23.1,0.72
292,Walvis Bay,4,NA,1579548451,82,-22.96,14.51,66.99,11.41
293,Baykit,100,RU,1579548451,95,61.67,96.37,-18.24,4.21
294,Iwanai,100,JP,1579548451,85,42.97,140.51,24.06,8.59
295,Port Hedland,17,AU,1579548451,74,-20.32,118.57,82.4,8.05
296,Nathdwara,100,IN,1579548451,45,24.93,73.82,54.23,0.81
297,Tagkawayan,16,PH,1579548451,89,13.97,122.54,68.9,5.57
298,Nioro,86,GM,1579548452,7,13.35,-15.75,96.17,4.36
299,Kruisfontein,96,ZA,1579548452,81,-34.0,24.73,64.18,20.33
300,Sao Raimundo Nonato,86,BR,1579548452,52,-9.02,-42.7,87.78,4.21
301,Vallenar,89,CL,1579548452,46,-28.57,-70.76,76.68,13.13
302,Mosquera,75,CO,1579548452,49,4.71,-74.23,68.0,5.82
303,Pemangkat,100,ID,1579548452,91,1.17,108.97,75.69,3.74
304,Alekseyevka,100,RU,1579548452,94,50.63,38.69,28.9,9.66
305,Kingman,1,US,1579548452,30,35.19,-114.05,63.0,3.36
306,Zonguldak,100,TR,1579548452,97,41.25,31.83,29.71,3.8
307,Maceio,20,BR,1579548440,65,-9.67,-35.74,82.4,14.99
308,Alyangula,40,AU,1579548453,83,-13.85,136.42,80.6,8.05
309,Bloomfield,1,US,1579548435,33,40.81,-74.19,33.01,16.11
310,Makakilo City,75,US,1579548453,78,21.35,-158.09,75.2,10.29
311,Peleduy,92,RU,1579548453,89,59.63,112.74,-7.85,9.17
312,Mount Isa,90,AU,1579548453,37,-20.73,139.5,84.2,5.82
313,Vila Praia de Ancora,1,PT,1579548453,56,41.81,-8.85,50.0,6.93
314,Tiksi,0,RU,1579548453,92,71.69,128.87,-27.35,4.61
315,Burnie,49,AU,1579548453,78,-41.07,145.92,57.99,1.99
316,Lithgow,0,AU,1579548453,100,-33.48,150.15,66.0,1.12
317,Kiryat Gat,75,IL,1579548454,62,31.61,34.76,57.2,6.93
318,Manadhoo,48,MV,1579548454,73,5.77,73.38,82.4,14.03
319,Leningradskiy,100,RU,1579548454,96,69.38,178.42,-4.79,14.81
320,Manzhouli,65,CN,1579548454,100,49.6,117.43,-10.75,4.18
321,Sinnamary,25,GF,1579548454,75,5.38,-52.95,79.84,16.33
322,Severo-Kuril'sk,75,RU,1579548454,79,50.68,156.12,10.22,2.01
323,Stepnogorsk,100,KZ,1579548454,94,52.35,71.89,14.29,11.1
324,Dolores,6,AR,1579548454,16,-36.31,-57.68,103.53,13.38
325,Kangaatsiaq,100,GL,1579548454,68,68.31,-53.46,13.35,22.82
326,Atasu,80,KZ,1579548454,96,48.68,71.64,6.67,10.42
327,Biak,100,ID,1579548454,74,-0.91,122.88,80.85,7.92
328,Urdoma,85,RU,1579548454,96,61.75,48.54,13.95,4.54
329,Aitape,59,PG,1579548455,80,-3.14,142.35,82.15,15.46
330,Takapau,62,NZ,1579548455,92,-40.03,176.35,61.0,1.99
331,Quatre Cocos,40,MU,1579548455,83,-20.21,57.76,81.0,3.36
332,Cabo San Lucas,5,MX,1579548263,53,22.89,-109.91,82.99,8.05
333,Zhangye,20,CN,1579548455,42,38.93,100.45,22.86,8.55
334,Kandrian,55,PG,1579548455,92,-6.22,149.55,75.67,8.25
335,Ternate,37,ID,1579548455,92,0.8,127.4,73.74,3.29
336,Pevek,100,RU,1579548455,97,69.7,170.31,-13.14,10.09
337,Vardo,20,NO,1579548455,85,70.37,31.11,26.6,13.87
338,Sao Gabriel da Cachoeira,75,BR,1579548455,94,-0.13,-67.09,80.6,3.36
339,Itarema,90,BR,1579548456,59,-2.92,-39.92,87.67,9.84
340,Nanortalik,100,GL,1579548456,92,60.14,-45.24,26.1,14.18
341,Anakapalle,40,IN,1579548456,88,17.68,83.02,75.2,2.24
342,Naze,80,JP,1579548456,55,28.37,129.48,60.8,10.29
343,Smithers,75,CA,1579548456,85,54.78,-127.17,24.8,8.05
344,Anadyr,20,RU,1579548456,75,64.75,177.48,-13.0,4.47
345,Mackay,75,AU,1579548456,94,-21.15,149.2,75.99,4.7
346,Touros,20,BR,1579548456,70,-5.2,-35.46,84.2,16.11
347,Uvat,0,RU,1579548456,82,59.14,68.9,-7.6,1.36
348,Barcelos,6,PT,1579548457,29,41.54,-8.62,50.0,11.41
349,Maragogi,59,BR,1579548457,69,-9.01,-35.22,80.64,10.6
350,Whitehorse,75,CA,1579548457,77,60.72,-135.05,0.0,8.05
351,West Wendover,75,US,1579548457,74,40.74,-114.07,30.2,3.36
352,Tabatinga,90,BR,1579548457,88,-4.25,-69.94,87.8,5.82
353,Muskogee,1,US,1579548457,41,35.58,-95.33,39.99,4.7
354,Lorengau,31,PG,1579548457,78,-2.02,147.27,82.9,14.83
355,Bathsheba,75,BB,1579548457,69,13.22,-59.52,82.4,20.8
356,Serenje,99,ZM,1579548457,96,-13.23,30.24,66.63,1.77
357,Elizabeth City,40,US,1579548457,55,36.29,-76.25,36.0,11.41
358,Zhigansk,52,RU,1579548458,98,66.77,123.37,-28.25,6.02
359,Vostok,99,RU,1579548458,98,46.49,135.88,-4.92,4.81
360,Siniscola,75,IT,1579548458,87,40.57,9.69,55.4,20.8
361,Nobeoka,0,JP,1579548458,85,32.58,131.67,32.07,5.01
362,Cortez,1,US,1579548458,39,37.35,-108.59,44.6,2.24
363,Esim,87,GH,1579548458,68,4.87,-2.24,82.92,6.33
364,Raudeberg,75,NO,1579548458,100,61.99,5.14,48.2,23.04
365,Sarangani,0,PH,1579548185,77,5.4,125.46,81.73,25.5
366,Camacha,40,PT,1579548459,47,33.08,-16.33,59.0,17.22
367,Jurm,100,AF,1579548459,94,36.86,70.83,18.07,3.11
368,Saint-Pierre,90,RE,1579548459,83,-21.34,55.48,80.6,2.24
369,Jinotega,40,NI,1579548459,73,13.09,-86.0,71.6,13.87
370,Barra dos Coqueiros,20,BR,1579548459,58,-10.91,-37.04,86.0,12.75
371,Yaring,90,TH,1579548459,78,6.87,101.37,81.43,20.54
372,Salalah,20,OM,1579548459,64,17.02,54.09,73.4,4.7
373,Kyabe,0,TD,1579548459,15,9.45,18.94,79.88,5.95
374,The Valley,20,AI,1579548459,78,18.22,-63.06,82.4,16.11
375,Cockburn Town,40,TC,1579548459,69,21.46,-71.14,78.8,16.11
376,Londonderry,90,GB,1579548460,81,55.0,-7.31,48.2,16.11
377,Constitucion,24,CL,1579548460,55,-35.33,-72.42,68.56,6.11
378,Abashiri,100,JP,1579548460,80,44.02,144.27,29.32,16.82
379,Xacmaz,54,AZ,1579548460,64,41.46,48.81,39.04,3.65
380,Port Macquarie,0,AU,1579548460,100,-31.43,152.92,70.0,3.36
381,Kabare,98,CD,1579548460,91,-2.47,28.82,63.75,0.27
382,Pedernales,75,DO,1579548460,62,18.04,-71.74,86.0,18.34
383,Insar,100,RU,1579548460,95,53.87,44.37,30.7,11.25
384,Ganzhou,81,CN,1579548461,76,28.82,115.43,46.49,1.36
385,Billings,75,US,1579548294,44,45.78,-108.5,42.01,16.11
386,Bosaso,5,SO,1579548324,54,11.28,49.18,75.27,1.97
387,Kutum,0,SD,1579548305,21,14.2,24.67,59.07,8.68
388,Pringsewu,100,ID,1579548461,95,-5.36,104.97,73.29,2.24
389,Khandyga,94,RU,1579548461,99,62.67,135.6,-24.61,0.63
390,Graneros,0,CL,1579548461,38,-34.07,-70.73,87.8,9.17
391,Grand-Santi,36,GF,1579548461,50,4.25,-54.38,88.92,4.45
392,Dhidhdhoo,67,MV,1579548461,73,6.88,73.1,82.53,7.87
393,Parry Sound,0,CA,1579548425,35,45.35,-80.03,21.99,5.77
394,Aliwal North,58,ZA,1579548462,31,-30.69,26.71,78.58,9.17
395,Luanda,20,AO,1579548462,70,-8.84,13.23,84.2,8.05
396,Oranjemund,0,NA,1579548462,77,-28.55,16.43,67.15,9.24
397,Saldanha,7,ZA,1579548283,47,-33.01,17.94,77.0,9.17
398,Batticaloa,30,LK,1579548462,93,7.71,81.69,74.7,1.66
399,Banda Aceh,99,ID,1579548303,95,5.56,95.32,74.41,5.14
400,Batemans Bay,33,AU,1579548462,96,-35.72,150.18,63.0,4.85
401,Masumbwe,73,TZ,1579548462,90,-3.63,32.18,68.07,2.95
402,Namatanai,100,PG,1579548462,74,-3.67,152.43,83.07,12.48
403,Pandan,0,PH,1579548462,71,14.05,124.17,77.79,17.31
404,Hong Kong,20,HK,1579548219,77,22.29,114.16,64.99,8.05
405,Leshukonskoye,98,RU,1579548463,96,64.9,45.76,3.11,7.4
406,Vicuna,20,CL,1579548463,72,-30.03,-70.71,88.0,14.99
407,Airai,100,TL,1579548463,77,-8.93,125.41,68.38,5.84
408,Aklavik,40,CA,1579548463,75,68.22,-135.01,-18.4,9.17
409,Margate,0,GB,1579548463,57,51.38,1.39,39.99,8.95
410,Gwadar,0,PK,1579548463,68,25.12,62.33,70.77,11.74
411,Luzhou,100,CN,1579548463,63,28.87,105.44,52.74,2.51
412,Roswell,1,US,1579548463,43,34.02,-84.36,41.0,10.29
413,Korla,100,CN,1579548463,78,41.76,86.15,24.01,2.35
414,Xai-Xai,52,MZ,1579548463,77,-25.05,33.64,71.2,8.63
415,Iqaluit,40,CA,1579548464,67,63.75,-68.51,-22.0,14.99
416,Kuminskiy,0,RU,1579548464,90,58.67,66.57,-6.74,3.53
417,Ossora,0,RU,1579548464,79,59.24,163.07,-3.51,4.88
418,Srednekolymsk,100,RU,1579548464,96,67.45,153.68,-27.49,7.94
419,Batagay,98,RU,1579548464,99,67.63,134.63,-22.23,0.51
420,Kahului,40,US,1579548464,64,20.89,-156.47,75.2,3.36
421,Krasnosel'kup,0,RU,1579548464,100,65.7,82.47,-35.05,5.97
422,Coyhaique,20,CL,1579548233,41,-45.58,-72.07,77.0,5.82
423,Kattivakkam,40,IN,1579548464,78,13.22,80.32,79.0,2.24
424,Padang,100,ID,1579548464,96,-0.95,100.35,69.22,4.97
425,Brawley,1,US,1579548465,27,32.98,-115.53,64.0,3.24
426,Limenaria,20,GR,1579548465,64,40.63,24.58,39.99,3.36
427,Shakiso,0,ET,1579548465,31,5.75,38.92,67.57,4.56
428,Beyneu,14,KZ,1579548179,76,45.32,55.2,27.34,5.86
429,Kloulklubed,40,PW,1579548465,78,7.04,134.26,78.8,8.05
430,Eyl,0,SO,1579548465,80,7.98,49.82,77.45,24.87
431,Inuvik,40,CA,1579548465,75,68.35,-133.72,-18.4,9.17
432,Dalvik,90,IS,1579548465,55,65.97,-18.53,33.8,20.8
433,Camana,100,PE,1579548465,82,-16.62,-72.71,70.86,8.61
434,Porosozero,100,RU,1579548465,92,62.72,32.73,35.42,11.48
435,Bezhanitsy,100,RU,1579548466,81,56.98,29.89,35.24,13.29
436,Longhua,100,CN,1579548466,71,23.61,114.19,58.68,0.72
437,Bariloche,0,AR,1579548362,13,-41.15,-71.31,86.0,8.05
438,Talnakh,40,RU,1579548466,72,69.49,88.4,-41.8,2.24
439,Nishihara,75,JP,1579548466,87,26.18,127.76,60.8,12.75
440,Irondequoit,20,US,1579548466,52,43.21,-77.58,23.0,11.41
441,Wawa,2,NG,1579548466,31,9.9,4.42,85.15,3.2
442,Hojo,75,JP,1579548466,72,33.98,132.78,42.8,5.82
443,Cervo,100,ES,1579548467,62,43.67,-7.41,48.99,8.01
444,Colares,0,PT,1579548467,39,38.8,-9.45,51.01,16.11
445,Yumen,0,CN,1579548467,67,40.28,97.2,13.24,5.91
446,Zolotukhino,90,RU,1579548467,80,52.08,36.38,33.8,11.18
447,Tilichiki,31,RU,1579548467,94,60.47,166.1,-15.43,5.73
448,Ambon,20,ID,1579548467,78,-3.7,128.18,78.8,3.36
449,Roanoke Rapids,1,US,1579548170,37,36.46,-77.65,37.99,11.41
450,Burgeo,27,CA,1579548467,68,47.62,-57.62,25.14,14.09
451,Genhe,100,CN,1579548467,100,50.78,121.52,-19.03,2.28
452,Olafsvik,100,IS,1579548467,71,64.89,-23.71,33.06,42.52
453,Boguchar,100,RU,1579548467,94,49.94,40.55,28.63,9.4
454,Soquel,1,US,1579548468,81,36.99,-121.96,55.4,3.18
455,Pacific Grove,40,US,1579548468,66,36.62,-121.92,57.0,5.12
456,Elmira,1,US,1579548468,44,42.09,-76.81,23.0,6.93
457,Sechura,4,PE,1579548468,93,-5.56,-80.82,69.15,15.99
458,Hobyo,7,SO,1579548468,77,5.35,48.53,77.67,18.7
459,Hambantota,33,LK,1579548468,100,6.12,81.12,78.8,8.05
460,Barra do Garcas,40,BR,1579548468,55,-15.89,-52.26,91.4,11.41
461,Puerto Escondido,40,MX,1579548388,70,15.85,-97.07,86.0,3.02
462,Leh,100,IN,1579548468,89,34.17,77.58,-6.59,4.09
463,Taltal,29,CL,1579548468,73,-25.4,-70.48,68.43,6.46
464,Vilcun,0,CL,1579548468,47,-38.65,-72.23,82.0,9.17
465,Fort Frances,1,CA,1579548468,65,48.6,-93.4,8.6,4.72
466,Tiznit,62,MA,1579548469,82,29.58,-9.5,45.79,18.34
467,Port Hardy,40,CA,1579548469,93,50.7,-127.42,46.4,4.7
468,Rayong,20,TH,1579548469,83,12.83,101.43,84.0,3.36
469,Alexandria,40,EG,1579548467,54,31.22,29.96,57.2,16.11
470,Anloga,20,GH,1579548469,74,5.79,0.9,84.2,8.05
471,Caravelas,49,BR,1579548469,76,-17.71,-39.25,80.71,14.09
472,Sao Paulo de Olivenca,79,BR,1579548469,90,-3.38,-68.87,83.01,4.14
473,Leeton,75,AU,1579548469,88,-34.57,146.4,62.6,5.82
474,Auki,59,SB,1579548469,72,-8.77,160.7,83.79,8.79
475,Timizart,100,DZ,1579548469,74,36.8,4.27,57.92,16.44
476,Haines Junction,98,CA,1579548470,99,60.75,-137.51,-2.42,1.9
477,Oussouye,97,SN,1579548470,74,12.48,-16.55,80.6,4.7
478,Arkadelphia,1,US,1579548470,35,34.12,-93.05,46.0,4.7
479,Sisimiut,100,GL,1579548470,90,66.94,-53.67,8.62,15.41
480,Nabire,41,ID,1579548470,97,-3.37,135.48,70.14,2.3
481,North Bend,1,US,1579548470,81,43.41,-124.22,53.01,9.17
482,Pombas,0,CV,1579548470,57,17.15,-25.02,75.2,13.87
483,Yambio,67,SS,1579548470,30,4.57,28.4,76.01,4.5
484,Prainha,20,BR,1579548470,51,-1.8,-53.48,92.37,6.31
485,Kailua,75,US,1579548470,78,21.4,-157.74,75.2,10.29
486,Makabe,20,JP,1579548470,86,36.27,140.1,46.99,5.39
487,Lincoln,1,US,1579548297,60,40.8,-96.67,12.99,9.17
488,Gazli,97,UZ,1579548471,64,40.13,63.45,35.35,6.17
489,Praia,0,CV,1579548471,47,14.92,-23.51,77.0,14.99
490,Rio Grande,2,BR,1579548471,43,-32.03,-52.1,91.4,8.05
491,Beasain,75,ES,1579548471,74,43.05,-2.2,42.8,11.41
492,Kifri,62,IQ,1579548471,57,34.7,44.97,55.53,5.12
493,Oda,88,JP,1579548471,77,35.18,132.5,37.2,11.01
494,Chalus,90,IR,1579548471,87,36.66,51.42,44.6,2.24
495,Sulangan,13,PH,1579548471,72,11.14,123.72,78.51,14.23
496,Timon,100,BR,1579548472,52,-5.09,-42.84,91.4,5.82
497,Okato,45,NZ,1579548472,65,-39.2,173.88,64.99,1.01
498,Lebyazhye,96,RU,1579548472,96,55.27,66.49,9.7,6.11
499,Fortuna Foothills,1,US,1579548472,22,32.66,-114.41,66.2,9.17
500,Winona,1,US,1579548472,67,43.97,-91.77,21.0,3.47
501,Betioky,100,MG,1579548472,70,-23.72,44.38,75.13,12.95
502,Terme,90,TR,1579548472,70,41.21,36.97,42.8,17.22
503,Manggar,100,ID,1579548472,79,-2.88,108.27,82.38,11.41
504,Pozoblanco,100,ES,1579548472,53,38.38,-4.85,51.8,18.34
505,Yulara,71,AU,1579548472,23,-25.24,130.99,84.2,6.93
506,Poronaysk,76,RU,1579548473,85,49.22,143.12,4.62,3.6
507,Pahrump,40,US,1579548473,31,36.21,-115.98,57.99,6.82
508,Seoul,1,KR,1579548266,67,37.57,126.98,23.0,5.82
509,Abha,5,SA,1579548473,93,18.22,42.51,55.4,5.82
510,Safford,1,US,1579548473,42,32.83,-109.71,57.99,6.93
511,Kenai,90,US,1579548473,85,60.55,-151.26,14.0,5.82
512,Gonzalez,1,US,1579548473,34,30.58,-87.29,48.99,17.22
513,Caldwell,40,US,1579548473,59,43.66,-116.69,39.0,12.75
514,Mareeba,78,AU,1579548474,88,-17.0,145.43,78.8,2.46
515,Yining,84,CN,1579548474,86,29.04,114.56,44.62,1.01
516,Agartala,0,IN,1579548474,56,23.84,91.28,57.24,1.54
517,Sao Jose da Coroa Grande,59,BR,1579548474,69,-8.9,-35.15,80.64,10.6
518,Thunder Bay,5,CA,1579548474,47,48.4,-89.32,19.99,8.05
519,Singapore,75,SG,1579548242,94,1.29,103.85,78.8,12.75
520,Lesnoy,93,RU,1579548474,99,57.62,63.08,-2.78,4.25
521,Mergen,0,CN,1579548474,86,49.18,125.22,-7.35,6.2
522,Two Hills,33,CA,1579548474,84,53.72,-111.75,25.97,9.84
523,Harper,35,LR,1579548475,76,4.38,-7.72,81.91,4.94
524,Joshimath,100,IN,1579548475,68,30.57,79.57,26.53,4.38
525,Belozerskoye,99,RU,1579548475,97,55.82,65.58,7.86,7.18
526,Swan Hill,20,AU,1579548475,92,-35.34,143.55,54.0,3.0
527,Estevan,1,CA,1579548462,72,49.13,-102.98,17.6,19.46
528,Belmonte,40,BR,1579548475,70,-15.86,-38.88,86.0,9.17
529,Raymond,1,US,1579548475,34,43.9,-70.47,28.0,12.75
530,Gaza,75,PS,1579548260,62,31.5,34.47,57.2,6.93
531,Sobolevo,100,RU,1579548475,85,54.43,31.9,31.3,12.21
532,Evensk,0,RU,1579548475,70,61.95,159.23,-20.85,8.25
533,Kununurra,90,AU,1579548475,88,-15.77,128.73,78.8,6.55
534,Belyy Yar,2,RU,1579548476,70,53.6,91.39,-2.2,10.92
535,Taksimo,100,RU,1579548284,99,56.34,114.88,-10.55,0.94
536,Sri Aman,84,MY,1579548476,100,1.24,111.46,75.2,1.45
537,Mizdah,0,LY,1579548476,45,31.45,12.98,53.4,17.74
538,Mossamedes,0,AO,1579548476,87,-15.2,12.15,76.08,14.03
539,Eirunepe,96,BR,1579548476,86,-6.66,-69.87,81.25,4.41
540,Samandag,75,TR,1579548476,100,36.08,35.98,42.8,1.12
541,Lahaina,40,US,1579548426,69,20.88,-156.68,75.2,11.41
542,Shushtar,0,IR,1579548476,59,32.05,48.86,57.09,2.82
543,Praia,0,CV,1579548471,47,14.92,-23.51,77.0,14.99
544,Barabai,84,ID,1579548476,94,-2.58,115.38,73.89,1.72
545,Hede,66,CN,1579548476,69,33.77,120.25,43.03,11.18
546,Nanakuli,75,US,1579548476,94,21.39,-158.15,75.2,10.49
547,Hammerfest,75,NO,1579548477,98,70.66,23.68,37.4,24.16
